{
  "Total" : {
    "transaction" : "Total",
    "sampleCount" : 57206,
    "errorCount" : 0,
    "errorPct" : 0.0,
    "meanResTime" : 188.60935915813056,
    "medianResTime" : 228.0,
    "minResTime" : 1.0,
    "maxResTime" : 11197.0,
    "pct1ResTime" : 508.0,
    "pct2ResTime" : 620.0,
    "pct3ResTime" : 1188.9600000000064,
    "throughput" : 191.81389297773245,
    "receivedKBytesPerSec" : 2062.8631006181745,
    "sentKBytesPerSec" : 22.478190583328022
  },
  "HTTP Request -https://192.168.129.130/" : {
    "transaction" : "HTTP Request -https://192.168.129.130/",
    "sampleCount" : 57206,
    "errorCount" : 0,
    "errorPct" : 0.0,
    "meanResTime" : 188.60935915813056,
    "medianResTime" : 228.0,
    "minResTime" : 1.0,
    "maxResTime" : 11197.0,
    "pct1ResTime" : 508.0,
    "pct2ResTime" : 620.0,
    "pct3ResTime" : 1188.9600000000064,
    "throughput" : 191.81389297773245,
    "receivedKBytesPerSec" : 2062.8631006181745,
    "sentKBytesPerSec" : 22.478190583328022
  }
}