{
  "Total" : {
    "transaction" : "Total",
    "sampleCount" : 62330,
    "errorCount" : 0,
    "errorPct" : 0.0,
    "meanResTime" : 575.28920263116,
    "medianResTime" : 300.0,
    "minResTime" : 2.0,
    "maxResTime" : 45327.0,
    "pct1ResTime" : 683.9000000000015,
    "pct2ResTime" : 874.0,
    "pct3ResTime" : 12624.860000000022,
    "throughput" : 344.59691062484103,
    "receivedKBytesPerSec" : 3706.0046980475104,
    "sentKBytesPerSec" : 40.38245046384856
  },
  "HTTP Request -https://192.168.129.130/" : {
    "transaction" : "HTTP Request -https://192.168.129.130/",
    "sampleCount" : 62330,
    "errorCount" : 0,
    "errorPct" : 0.0,
    "meanResTime" : 575.28920263116,
    "medianResTime" : 300.0,
    "minResTime" : 2.0,
    "maxResTime" : 45327.0,
    "pct1ResTime" : 683.9000000000015,
    "pct2ResTime" : 874.0,
    "pct3ResTime" : 12624.860000000022,
    "throughput" : 344.59691062484103,
    "receivedKBytesPerSec" : 3706.0046980475104,
    "sentKBytesPerSec" : 40.38245046384856
  }
}