{
  "Total" : {
    "transaction" : "Total",
    "sampleCount" : 61417,
    "errorCount" : 0,
    "errorPct" : 0.0,
    "meanResTime" : 132.9051891170216,
    "medianResTime" : 106.0,
    "minResTime" : 2.0,
    "maxResTime" : 6625.0,
    "pct1ResTime" : 223.0,
    "pct2ResTime" : 277.0,
    "pct3ResTime" : 453.9900000000016,
    "throughput" : 340.9176695235135,
    "receivedKBytesPerSec" : 3666.3902869174367,
    "sentKBytesPerSec" : 39.951289397286736
  },
  "HTTP Request -https://192.168.129.130/" : {
    "transaction" : "HTTP Request -https://192.168.129.130/",
    "sampleCount" : 61417,
    "errorCount" : 0,
    "errorPct" : 0.0,
    "meanResTime" : 132.9051891170216,
    "medianResTime" : 106.0,
    "minResTime" : 2.0,
    "maxResTime" : 6625.0,
    "pct1ResTime" : 223.0,
    "pct2ResTime" : 277.0,
    "pct3ResTime" : 453.9900000000016,
    "throughput" : 340.9176695235135,
    "receivedKBytesPerSec" : 3666.3902869174367,
    "sentKBytesPerSec" : 39.951289397286736
  }
}